,fips,TOT_POP,0-9,0-9 y/o % of total pop,19-Oct,10-19 y/o % of total pop,20-29,20-29 y/o % of total pop,30-39,30-39 y/o % of total pop,40-49,40-49 y/o % of total pop,50-59,50-59 y/o % of total pop,60-69,60-69 y/o % of total pop,70-79,70-79 y/o % of total pop,80+,80+ y/o % of total pop,White-alone pop,% White-alone,Black-alone pop,% Black-alone,Native American/American Indian-alone pop,% NA/AI-alone,Asian-alone pop,% Asian-alone,Hawaiian/Pacific Islander-alone pop,% Hawaiian/PI-alone,Two or more races pop,% Two or more races,POP_ESTIMATE_2018,N_POP_CHG_2018,GQ_ESTIMATES_2018,R_birth_2018,R_death_2018,R_NATURAL_INC_2018,R_INTERNATIONAL_MIG_2018,R_DOMESTIC_MIG_2018,R_NET_MIG_2018,Less than a high school diploma 2014-18,High school diploma only 2014-18,Some college or associate's degree 2014-18,Bachelor's degree or higher 2014-18,Percent of adults with less than a high school diploma 2014-18,Percent of adults with a high school diploma only 2014-18,Percent of adults completing some college or associate's degree 2014-18,Percent of adults with a bachelor's degree or higher 2014-18,POVALL_2018,PCTPOVALL_2018,PCTPOV017_2018,PCTPOV517_2018,MEDHHINC_2018,CI90LBINC_2018,CI90UBINC_2018,Civilian_labor_force_2018,Employed_2018,Unemployed_2018,Unemployment_rate_2018,Median_Household_Income_2018,Med_HH_Income_Percent_of_State_Total_2018,Active Physicians per 100000 Population 2018 (AAMC),Total Active Patient Care Physicians per 100000 Population 2018 (AAMC),Active Primary Care Physicians per 100000 Population 2018 (AAMC),Active Patient Care Primary Care Physicians per 100000 Population 2018 (AAMC),Active General Surgeons per 100000 Population 2018 (AAMC),Active Patient Care General Surgeons per 100000 Population 2018 (AAMC),Total nurse practitioners (2019),Total physician assistants (2019),Total Hospitals (2019),Internal Medicine Primary Care (2019),Family Medicine/General Practice Primary Care (2019),Total Specialist Physicians (2019),ICU Beds_x,Total Population,Population Aged 60+,Percent of Population Aged 60+,STATE_FIPS,CNTY_FIPS,county_pop2018_18 and older,anycondition_prevalence,anycondition_Lower 95% CI,anycondition_Upper 95% CI,anycondition_number,Obesity_prevalence,Obesity_Lower 95% CI,Obesity_Upper 95% CI,Obesity_number,Heart disease_prevalence,Heart disease_Lower 95% CI,Heart disease_Upper 95% CI,COPD_prevalence,COPD_Lower 95% CI,COPD_Upper 95% CI,COPD_number,diabetes_prevalence,diabetes_Lower 95% CI,diabetes_Upper 95% CI,diabetes_number,CKD_prevalence,CKD_Lower 95% CI,CKD_Upper 95% CI,CKD_number,Urban_rural_code
2535,48029,1986049,281600,14.17890495,284659,14.33292935,308094,15.51291031,298637,15.03673877,249508,12.56303344,225144,11.33627619,179542,9.040159634,102918,5.182047371,55947,2.816999983,1675380,84.35743529,169699,8.544552526,24235,1.220261937,65187,3.282245302,4496,0.226379108,47052,2.369125837,1986049,27208,42261,14.0,7.0,7.1,2.6,4.1,6.7,197870,308714,379838,337748,16.2,25.2,31.0,27.6,334215,17.2,23.7,22.0,54210,52804,55616,940900,909581,31319,3.3,54210,89.4,224.8,199.9,72.9,66.5,6.2,5.4,685.0390663,404.3114408,36.18943754,751.467097,665.1106571,2345.601441,648,1892004,307269,16.2,48,29,1478380,47.1,45.4,48.8,696450,37.7,36.5,38.8,557349,6.6,6.1,7.1,5.7,5.1,6.4,84995,13.4,12.6,14.2,198276,3.1,2.9,3.3,45733,1
2563,48085,1005146,133960,13.32741711,151546,15.07701369,117972,11.73680241,147122,14.63687862,162184,16.1353674,132755,13.20753403,87556,8.710774355,50461,5.020265713,21590,2.147946666,704031,70.04266047,105939,10.53966289,7017,0.698107539,159619,15.88018059,966,0.096105441,27574,2.743283065,1005146,33753,4394,11.3,4.8,6.5,5.5,22.1,27.6,39131,91405,167196,318998,6.3,14.8,27.1,51.7,64180,6.4,6.7,6.3,96936,93514,100358,545243,527191,18052,3.3,96936,159.9,224.8,199.9,72.9,66.5,6.2,5.4,346.7005483,204.623364,18.31559462,380.3199955,336.6147142,1187.116686,195,914075,135322,14.8,48,85,744670,34.5,32.8,36.1,256993,26.7,25.6,27.9,198827,5.0,4.6,5.5,4.6,3.9,5.4,34176,9.2,8.6,9.8,68319,2.3,2.2,2.4,17085,1
2243,42003,1218452,126101,10.34927925,133548,10.96046459,169875,13.9418705,171345,14.06251539,135862,11.15037769,162808,13.36187228,162359,13.32502224,92599,7.599724897,63955,5.24887316,975555,80.06511541,163433,13.41316687,1942,0.159382561,49988,4.102582621,441,0.036193465,27093,2.223559073,1218452,-2204,35097,10.5,11.3,-0.9,2.5,-3.4,-0.9,50463,245191,228152,359564,5.7,27.8,25.8,40.7,138397,11.7,15.0,13.8,59881,58402,61360,645169,619110,26059,4.0,59881,98.3,320.5,273.3,100.8,88.2,8.7,7.2,666.2590287,539.3434862,18.93267838,987.1631703,685.3819852,2546.587951,580,1229605,303430,24.7,42,3,990703,41.7,39.7,43.8,413499,31.9,30.3,33.2,316034,6.8,6.1,7.6,6.8,5.6,8.1,66908,10.3,9.4,11.2,101890,2.9,2.7,3.1,28884,1
220,6073,3343364,409094,12.23599943,404237,12.09072659,538232,16.09851634,504704,15.09569404,417723,12.49409278,412056,12.32459284,341224,10.20600808,197656,5.911889941,118438,3.542479969,2522987,75.46252816,184779,5.526738937,44035,1.317086623,420909,12.58938602,19678,0.588568879,150976,4.515691381,3343364,17896,108137,12.5,6.9,5.6,3.1,-3.2,-0.2,286008,409272,680074,848022,12.9,18.4,30.6,38.1,372148,11.5,14.9,15.1,78777,77510,80044,1592193,1539530,52663,3.3,78777,104.7,279.6,243.8,96.2,87.1,7.2,6.2,1302.792276,669.1453517,30.3427032,1890.122205,1284.535942,4967.328718,570,3283665,604412,18.4,6,73,2620956,34.1,32.6,35.5,893601,24.1,23.2,25.0,631650,5.3,4.9,5.8,5.1,4.4,5.9,133740,9.6,9.0,10.2,251137,2.7,2.6,2.9,70932,1
1947,37119,1093901,143280,13.09807743,142049,12.9855444,167915,15.35010938,173987,15.90518703,153683,14.04907757,135184,12.35797389,98578,9.011601598,52158,4.768073162,27067,2.47435554,628585,57.46269544,359817,32.89301317,8553,0.781880627,69595,6.362093096,1126,0.102934361,26225,2.39738331,1093901,16590,17480,13.6,6.2,7.4,5.6,2.3,7.9,69881,122374,196799,315345,9.9,17.4,27.9,44.8,126098,11.7,17.5,16.4,64509,62273,66745,611673,588987,22686,3.7,64509,119.6,255.0,223.5,86.2,78.1,7.1,6.2,496.9298777,446.8892392,11.79905582,532.5377426,423.9232198,1578.018367,173,1034290,156489,15.1,37,119,836188,34.9,33.5,36.5,292013,29.6,28.5,30.7,247512,5.4,4.9,5.8,5.6,4.8,6.4,46789,9.5,8.9,10.1,79452,2.6,2.5,2.8,21952,1
1746,32003,2231647,284364,12.74233783,282564,12.66167992,304002,13.62231572,323796,14.50928395,301058,13.49039521,280975,12.5904769,236827,10.61220704,152420,6.829933229,65641,2.941370208,1560118,69.90881622,286291,12.82868662,27371,1.226493258,231352,10.36687254,19377,0.868282484,107138,4.80084888,2231647,48337,22978,12.3,7.9,4.4,1.4,16.0,17.4,208782,415643,483389,347159,14.3,28.6,33.2,23.9,307977,14.0,19.7,18.7,57155,56063,58247,1098114,1045471,52643,4.8,57155,97.3,213.5,185.8,72.3,65.0,5.6,5.0,618.5143933,389.0536434,32.35984935,1037.721533,662.6414606,2269.602161,535,2112436,405618,19.2,32,3,1714018,44.0,42.7,45.3,754963,31.5,30.6,32.4,539916,7.0,6.5,7.6,7.4,6.6,8.3,127559,11.9,11.2,12.5,203181,3.1,3.0,3.3,53399,1
1840,36029,919719,100740,10.95334553,109669,11.92418554,128597,13.98220543,118422,12.87588927,103167,11.21723048,129113,14.03830953,117349,12.7592232,68390,7.435966855,44272,4.813644167,730860,79.4655759,128502,13.97187619,6890,0.749141858,34265,3.725594448,437,0.047514513,18765,2.040297091,919719,925,27667,10.6,10.7,-0.1,3.0,-1.8,1.1,55426,178600,193051,216636,8.6,27.7,30.0,33.7,122204,13.7,19.2,17.8,56375,55346,57404,443446,423872,19574,4.4,56375,83.3,375.1,304.1,112.9,94.8,10.2,7.4,593.5140858,418.5330874,7.812492129,975.14962,304.9695723,2301.767259,262,923995,216391,23.4,36,29,733627,41.2,39.3,42.9,302227,30.8,29.6,32.0,225957,7.3,6.6,8.1,7.8,6.6,9.0,56970,11.4,10.4,12.3,83461,3.1,2.8,3.3,22451,1
608,17031,5180493,627602,12.11471572,623977,12.04474169,769628,14.85626947,783596,15.12589632,657620,12.69415864,652618,12.59760413,554495,10.70351799,316057,6.10090584,194900,3.762190201,3391043,65.4579207,1236170,23.86201468,38253,0.738404627,408151,7.878613097,3873,0.074761224,103003,1.988285671,5180493,-24009,90985,12.3,8.4,3.9,3.6,-12.2,-8.6,477426,837569,910060,1361974,13.3,23.3,25.4,38.0,701869,13.8,18.8,18.5,63347,62265,64429,2611512,2506103,105409,4.0,63347,97.4,284.4,240.5,99.6,87.2,7.0,5.8,2017.944064,1013.241307,76.03375781,3924.073779,2461.542085,8694.683835,1606,5238541,1005046,19.2,17,31,4050821,39.2,37.9,40.6,1586911,30.0,29.1,30.9,1215246,6.0,5.5,6.4,6.3,5.6,7.2,256526,10.8,10.2,11.4,436733,3.0,2.9,3.2,123364,1
2065,39049,1310300,178261,13.60459437,163759,12.49782493,218055,16.64160879,208490,15.91162329,159795,12.19529879,154036,11.75578112,126668,9.667099138,65806,5.022208655,35430,2.703960925,880257,67.17980615,308273,23.52690224,4058,0.309700069,74342,5.67366252,762,0.058154621,42608,3.251774403,1310300,14594,30780,14.4,7.6,6.8,4.6,-0.2,4.4,76705,210382,228179,333337,9.0,24.8,26.9,39.3,198207,15.5,22.2,22.2,60383,59325,61441,685914,659792,26122,3.8,60383,107.5,292.7,248.6,93.7,83.7,8.3,7.1,676.9272391,250.6390639,21.74596529,886.2041319,605.9726204,2553.693718,449,1253507,205767,16.4,39,49,1005657,39.0,37.3,40.8,392670,30.2,29.1,31.4,303708,6.0,5.5,6.5,6.9,5.9,7.9,69369,11.3,10.5,12.1,113626,2.6,2.5,2.8,26580,1
1780,34017,676061,84979,12.56972374,66068,9.772490944,111584,16.50501952,132411,19.58565869,88692,13.11893453,78978,11.68208194,59441,8.792253953,33718,4.987419774,20190,2.986416906,437643,64.73424735,100352,14.84363097,7526,1.113213157,111027,16.4226305,1320,0.195248654,18193,2.69102936,676061,3139,9477,15.1,6.6,8.5,14.9,-18.7,-3.9,75223,122015,83820,194212,15.8,25.7,17.6,40.9,95704,14.3,22.3,22.5,73337,71198,75476,357639,343787,13852,3.9,73337,89.7,306.5,271.0,97.7,87.5,7.6,6.7,418.6810533,141.3058041,6.222919407,536.5370757,205.508119,1189.032942,105,679756,109974,16.2,34,17,537840,29.9,28.5,31.2,160832,24.0,23.0,25.1,129082,5.4,5.1,5.8,4.8,4.3,5.4,25934,11.1,10.4,11.7,59570,2.7,2.6,2.8,14524,1
2231,41051,811880,86842,10.69640834,82309,10.13807459,122536,15.09287087,149598,18.42612209,119605,14.73185692,96248,11.85495393,86127,10.60834113,45649,5.62262896,22966,2.828743164,641527,79.01746564,49354,6.078977189,11716,1.443070404,65911,8.118317978,5545,0.682982707,37827,4.659186087,811880,3099,19036,10.9,7.4,3.5,4.1,-3.7,0.4,50422,100172,170634,257958,8.7,17.3,29.5,44.5,95543,12.0,14.4,13.4,70756,69155,72357,456886,440043,16843,3.7,70756,112.0,303.4,271.5,109.4,101.0,9.2,8.3,407.033333,224.3429793,11.81772171,497.7004438,383.2041564,1193.783626,165,788459,143926,18.3,41,51,658979,34.1,32.4,35.9,224913,26.1,24.9,27.4,171994,5.7,5.2,6.3,5.8,4.8,6.8,38276,9.1,8.5,9.9,60296,2.6,2.4,2.7,16883,1
1595,29510,302838,34698,11.457611,29933,9.88416249,53269,17.58993257,50603,16.70959391,34726,11.46685687,38255,12.63216637,34971,11.54775821,16466,5.437230466,9917,3.274688117,144301,47.64956842,139095,45.93049749,935,0.30874593,10652,3.517392137,146,0.048210594,7709,2.545585429,302838,-5028,11551,13.3,10.6,2.7,2.8,-21.9,-19.2,28768,51909,62051,76966,13.1,23.6,28.2,35.0,66858,22.8,38.4,37.7,43263,41328,45198,153678,147800,5878,3.8,43263,79.5,273.1,236.3,86.6,79.0,7.0,6.3,168.9064806,32.87176167,6.030608907,188.3823815,135.2438194,537.0702113,207,314867,57543,18.3,29,510,245312,48.1,46.4,49.9,118019,37.8,36.5,39.0,92728,6.9,6.4,7.5,8.0,7.0,9.1,19608,13.4,12.6,14.3,32940,3.3,3.1,3.5,8129,1
332,12031,950181,124557,13.10876559,111623,11.74755126,144762,15.23520256,140516,14.78834033,113954,11.99287294,123767,13.02562354,103802,10.92444492,57898,6.093365369,29302,3.083833501,577732,60.8023103,290505,30.5736486,4301,0.4526506,48120,5.064298276,1158,0.121871517,28365,2.985220711,950181,12539,20814,13.8,9.2,4.6,4.4,4.2,8.6,65724,175335,204368,183280,10.5,27.9,32.5,29.2,134476,14.5,21.8,19.7,55733,53894,57572,487844,470411,17433,3.6,55733,100.5,265.2,240.7,86.8,80.1,6.9,6.0,551.3901102,271.8139111,9.680554525,517.2628097,369.3778408,1298.309578,412,912043,171837,18.8,12,31,735505,47.0,45.4,48.6,345486,33.9,32.8,35.0,249336,7.1,6.6,7.7,8.1,7.2,9.1,59738,13.4,12.6,14.1,98334,3.1,2.9,3.2,22635,1
2936,51710,244076,29491,12.08271194,27344,11.2030679,61034,25.00614563,36398,14.91256822,23568,9.656008784,26154,10.71551484,22400,9.177469313,11228,4.600206493,6459,2.646306888,120025,49.17525689,103358,42.34664613,1581,0.647749062,9410,3.855356528,563,0.230665858,9139,3.744325538,244076,-846,34020,13.9,8.6,5.3,2.0,-10.7,-8.7,18818,39004,51966,42709,12.3,25.6,34.1,28.0,41471,19.7,28.2,27.7,48519,46243,50795,111524,107496,4028,3.6,48519,66.8,263.2,231.8,90.3,81.7,7.3,6.3,128.3180028,60.23323849,2.75089957,121.727306,106.8552552,336.7559556,113,245752,36773,15.0,51,710,196291,43.0,41.4,44.6,84470,36.3,35.1,37.4,71254,5.8,5.4,6.2,6.4,5.7,7.1,12529,10.8,10.2,11.4,21283,2.8,2.7,2.9,5487,1
1866,36081,2278906,268160,11.76704963,233715,10.25557877,317457,13.9302367,343015,15.05173974,302616,13.27900317,313052,13.7369422,258448,11.34088023,147978,6.493378841,94465,4.145190719,1092235,47.92804091,471907,20.70761146,30186,1.324582936,611274,26.82313356,5285,0.231909522,68019,2.984721616,2278906,-17959,27770,12.7,7.3,5.5,6.0,-19.4,-13.4,303881,454105,369271,518999,18.5,27.6,22.4,31.5,261819,11.6,15.2,14.7,68432,67082,69782,1162225,1120459,41766,3.6,68432,101.2,375.1,304.1,112.9,94.8,10.2,7.4,1470.626149,1037.053235,19.35801608,2416.253573,755.6623143,5703.38464,129,2339280,470619,20.1,36,81,1820449,36.3,35.1,37.5,661141,25.3,24.6,26.0,460574,6.2,5.8,6.6,6.1,5.4,6.7,110259,13.3,12.7,14.0,242663,3.0,2.9,3.2,54827,1
202,6037,10105518,1208253,11.95636879,1239139,12.26200379,1557073,15.40814632,1501844,14.86162313,1350076,13.35979017,1306003,12.9236621,1014325,10.03733802,572530,5.665518581,356275,3.525549111,7151444,70.76771324,906467,8.970020141,145254,1.437373126,1551894,15.35689709,37200,0.368115717,313259,3.099880679,10105518,-13241,178334,11.8,6.8,5.0,3.5,-9.8,-6.3,1460718,1416482,1790808,2177481,21.3,20.7,26.2,31.8,1409155,14.2,19.9,19.5,67986,67293,68679,5136341,4896512,239829,4.7,67986,90.3,279.6,243.8,96.2,87.1,7.2,6.2,3937.767709,2022.531916,91.71263834,5713.007608,3882.586846,15014.04866,2126,10105722,1800341,17.8,6,37,7916625,36.3,35.0,37.7,2877316,26.5,25.6,27.3,2097906,5.5,5.1,5.9,5.5,4.8,6.1,434075,12.0,11.4,12.7,952335,3.0,2.9,3.2,237766,1
369,12103,975280,85014,8.716881306,89447,9.171417439,109203,11.19709212,112113,11.49546797,112586,11.54396686,148023,15.17748749,146525,15.02389058,105118,10.77823804,67251,6.895558199,805704,82.61258305,107793,11.05251825,3779,0.387478468,35030,3.591789025,1138,0.116684439,21836,2.238946764,975280,5975,19849,8.5,13.0,-4.6,3.6,7.1,10.7,65119,207182,233441,226810,8.9,28.3,31.9,31.0,112593,11.7,16.2,14.4,52226,50929,53523,492704,476541,16163,3.3,52226,94.2,265.2,240.7,86.8,80.1,6.9,6.0,565.955062,278.9938667,9.936266055,530.9262899,379.1349444,1332.604383,279,949842,293786,30.9,12,103,817608,42.8,40.8,44.8,350213,30.7,29.5,32.0,251006,9.3,8.4,10.3,9.3,7.9,10.8,76252,12.5,11.4,13.5,101883,3.5,3.3,3.8,28809,1
1791,34039,558067,71473,12.80724357,72362,12.96654344,69298,12.41750542,74965,13.43297489,76947,13.78812938,79326,14.21442228,59069,10.58457139,33165,5.942834821,21462,3.84577479,377260,67.60120201,132122,23.67493509,4272,0.765499483,31722,5.684263717,658,0.11790699,12033,2.156192715,558067,2794,6560,11.8,7.7,4.2,7.0,-6.2,0.8,51661,107744,84165,131578,13.8,28.7,22.4,35.1,43279,7.8,10.7,10.1,80737,77280,84194,272683,260935,11748,4.3,80737,98.7,306.5,271.0,97.7,87.5,7.6,6.7,345.6079842,116.6434777,5.136823401,442.8944078,169.6404606,981.5091346,80,557320,106249,19.1,34,39,427545,36.1,34.6,37.5,154212,27.9,26.8,28.9,119285,6.1,5.7,6.6,5.9,5.2,6.7,25297,11.6,10.9,12.2,49477,3.0,2.8,3.1,12751,1
221,6075,883305,72007,8.151997328,60660,6.867390086,151437,17.14436123,183382,20.76089233,120821,13.67828779,107395,12.15831451,93694,10.60720816,54600,6.181330345,39309,4.450218215,467444,52.91988611,49184,5.568178602,6570,0.743797443,317204,35.91103866,4015,0.454542882,38888,4.402556308,883305,4139,24235,10.2,7.5,2.6,7.2,-5.1,2.1,79408,84630,131509,394004,11.5,12.3,19.1,57.1,87596,10.1,10.9,11.1,110601,107200,114002,575567,562022,13545,2.4,110601,147.0,279.6,243.8,96.2,87.1,7.2,6.2,344.1931335,176.7858465,8.016435378,499.3636333,339.3698743,1312.350762,337,864263,179193,20.7,6,75,764613,23.9,22.6,25.1,182564,16.8,16.0,17.5,128455,4.6,4.2,5.0,3.8,3.2,4.3,28886,8.8,8.2,9.4,67258,2.3,2.2,2.5,17872,1
2058,39035,1243857,140992,11.33506504,146396,11.76952013,172576,13.87426368,158559,12.74736565,142004,11.41642488,169617,13.6363746,159927,12.85734614,92019,7.397876122,61767,4.965763749,791110,63.60136254,378974,30.46765022,3304,0.265625389,41763,3.357540296,543,0.043654536,28163,2.264167022,1243857,-4514,29963,11.5,11.0,0.5,3.1,-7.2,-4.1,93264,245164,257850,279259,10.7,28.0,29.5,31.9,217166,17.9,26.6,25.7,50006,49057,50955,612216,580166,32050,5.2,50006,89.1,292.7,248.6,93.7,83.7,8.3,7.1,642.6014538,237.9295994,20.64326578,841.2662847,575.2448185,2424.200417,680,1257401,297844,23.7,39,35,985975,45.2,43.5,46.8,445409,34.9,33.8,36.0,344105,8.1,7.4,8.8,8.7,7.6,10.0,86130,13.3,12.4,14.1,130681,3.5,3.3,3.7,34175,1
217,6067,1540975,199957,12.97600545,198773,12.89917098,220523,14.31061503,228253,14.81224549,192362,12.48313568,194261,12.60636934,162670,10.55630364,91664,5.948441733,52512,3.407712649,970616,62.98713477,167528,10.87155859,23734,1.540193709,260762,16.92188387,19726,1.280098639,98609,6.399130421,1540975,13257,22158,12.6,7.8,4.8,2.8,1.1,3.9,127852,225825,350480,308126,12.6,22.3,34.6,30.4,217138,14.3,20.5,20.6,69475,67976,70974,710442,683494,26948,3.8,69475,92.3,279.6,243.8,96.2,87.1,7.2,6.2,600.4641815,308.4128017,13.9851201,871.1678015,592.049736,2289.46934,396,1495400,279005,18.7,6,67,1177066,37.0,35.7,38.3,435403,28.3,27.4,29.1,333110,5.8,5.3,6.2,6.0,5.3,6.8,70125,10.5,9.9,11.1,123474,2.9,2.8,3.1,34526,1
2577,48113,2637772,386756,14.66222251,370861,14.05963063,411693,15.60760369,399106,15.13042067,339877,12.88500295,314560,11.92521567,232267,8.805423668,120425,4.565405956,62227,2.359074249,1758250,66.65663295,619411,23.48235556,28609,1.08458957,177748,6.738565729,2945,0.111647254,50809,1.926208937,2637772,14973,32325,15.2,6.5,8.8,5.5,-8.5,-3.1,351441,372587,418128,506554,21.3,22.6,25.4,30.7,368310,14.2,20.7,20.4,59838,58824,60852,1359225,1308543,50682,3.7,59838,98.7,224.8,199.9,72.9,66.5,6.2,5.4,909.834988,536.9864479,48.06502007,998.061411,883.367061,3115.31176,614,2552213,377154,14.8,48,113,1948080,42.1,40.6,43.5,820238,35.7,34.6,36.6,695465,6.3,5.9,6.8,6.3,5.5,7.0,122040,11.6,10.9,12.3,226524,3.1,2.9,3.2,59528,1
2967,53033,2233163,257888,11.54810464,242988,10.88088957,339482,15.20184599,383393,17.16816014,308318,13.80633657,279876,12.53271705,227746,10.1983599,123656,5.53725814,69816,3.126327993,1493773,66.89045985,154663,6.925737172,22370,1.001718191,429012,19.21095773,18924,0.847407914,114421,5.123719137,2233163,28934,38771,11.8,6.2,5.6,9.7,-2.2,7.5,108078,234136,404452,790809,7.0,15.2,26.3,51.4,202628,9.2,10.8,10.0,94822,93048,96596,1258687,1215220,43467,3.5,94822,128.1,278.8,246.3,100.6,91.7,6.9,6.1,900.0111645,565.4334217,27.26408533,1110.715128,1308.972444,3294.509093,450,2118119,386511,18.2,53,33,1780304,30.5,29.1,32.0,543692,23.2,22.3,24.1,413031,4.7,4.3,5.2,4.1,3.4,4.8,72426,8.5,7.9,9.1,151431,2.4,2.2,2.5,41889,1
360,12086,2761581,310791,11.25409684,311496,11.27962569,365566,13.23756211,384271,13.91489151,394089,14.27041249,389885,14.11818085,290745,10.5282083,189981,6.879428849,124757,4.517593364,2177101,78.83531209,495637,17.94758148,7707,0.279079267,45768,1.657311518,1288,0.04663995,34080,1.234075698,2761581,16703,42228,11.4,7.9,3.4,21.3,-18.8,2.6,355875,533542,479454,553997,18.5,27.7,24.9,28.8,436103,16.0,22.6,21.9,52043,51208,52878,1383302,1330023,53279,3.9,52043,93.9,265.2,240.7,86.8,80.1,6.9,6.0,1602.545675,789.992783,28.13530837,1503.358989,1073.550015,3773.372717,593,2702602,563748,20.9,12,86,2203331,38.2,36.4,39.9,841621,29.6,28.4,30.9,652186,7.7,7.1,8.4,6.7,5.9,7.6,148237,14.2,13.1,15.1,312317,3.7,3.5,4.0,81776,1
1338,27053,1259428,157791,12.52878291,147764,11.73262783,186608,14.81688513,201383,15.99003675,152590,12.11581766,160520,12.74546858,137040,10.88113016,71482,5.675751214,44250,3.513499779,937036,74.40171252,171910,13.64984739,14012,1.112568563,95073,7.548903153,718,0.057010008,40679,3.229958362,1259428,11182,25918,13.0,7.0,6.0,3.4,-0.5,2.9,57992,142555,233467,420664,6.8,16.7,27.3,49.2,127826,10.3,11.6,11.2,76067,74737,77397,703310,685853,17457,2.5,76067,108.2,302.7,265.0,104.9,96.0,7.4,6.6,646.4154218,406.7030362,28.5051245,721.6061045,786.9209961,2106.012466,311,1224763,229263,18.7,27,53,982887,30.3,28.7,31.9,298137,24.2,23.1,25.2,237859,4.7,4.3,5.3,4.0,3.3,4.8,39240,7.9,7.2,8.5,77193,2.4,2.3,2.6,23660,1
1310,26163,1753893,228303,13.01692863,226614,12.92062857,250295,14.27082496,215490,12.28638235,214877,12.25143153,233944,13.338556,204804,11.67710915,112921,6.4383061,66645,3.799832715,958219,54.63383456,680275,38.78657364,8414,0.4797328,61660,3.515607851,352,0.020069639,44973,2.564181509,1753893,-2371,22715,12.8,10.5,2.2,2.3,-5.9,-3.6,166003,353763,383495,275102,14.1,30.0,32.5,23.3,376649,21.7,32.4,31.3,46440,45555,47325,794466,752926,41540,5.2,46440,82.0,287.0,249.7,97.8,87.6,7.9,6.7,775.5375131,663.7688715,25.26638052,1301.043136,1056.801457,3562.384192,586,1763822,362535,20.6,26,163,1339672,47.6,46.0,49.0,637505,34.9,33.9,35.8,467546,8.2,7.6,8.8,9.8,8.7,11.0,131673,13.6,12.8,14.4,182534,3.7,3.5,3.9,49830,1
1227,25025,807252,78002,9.662658005,89126,11.04066636,181073,22.43078989,144056,17.84523296,89889,11.13518455,88597,10.9751354,71822,8.897097808,39802,4.930554523,24885,3.082680501,496569,61.51350508,199131,24.66776174,5947,0.736696843,74720,9.256093512,1435,0.177763573,29450,3.648179255,807252,5797,50684,11.6,6.6,5.0,15.9,-13.7,2.2,79176,122750,100097,244827,14.5,22.4,18.3,44.8,133144,17.5,24.1,24.4,68743,66071,71415,456319,442599,13720,3.0,68743,86.1,449.5,353.7,134.3,114.6,9.6,7.3,732.6162515,253.3280333,8.771746307,1075.182184,230.5214929,2423.575026,447,780685,125537,16.1,25,25,673163,29.0,27.7,30.2,195128,22.2,21.4,23.1,149442,5.0,4.6,5.3,5.0,4.4,5.7,33452,8.7,8.2,9.1,58311,2.6,2.5,2.8,17734,1
3085,55079,948201,128789,13.58245773,124876,13.16978151,145947,15.39198967,139301,14.69108343,110489,11.65248718,114079,12.03109889,100080,10.55472416,50584,5.33473388,34056,3.591643544,609795,64.31073159,257997,27.2091044,9220,0.972367673,44264,4.668208534,415,0.043767092,26510,2.795820717,948201,-2387,22853,13.9,8.7,5.2,3.1,-10.9,-7.7,76720,177153,183235,191885,12.2,28.2,29.1,30.5,177263,19.1,27.2,25.3,49771,48370,51172,472701,455544,17157,3.6,49771,81.9,264.9,238.3,94.6,86.4,7.9,7.1,495.9913157,300.1065507,21.69248437,497.7854309,534.3201414,1500.04345,381,956586,173173,18.1,55,79,720779,42.3,40.9,43.8,305086,35.9,34.7,37.0,258760,6.4,5.9,7.0,6.6,5.8,7.5,47780,11.0,10.3,11.7,79326,3.2,3.0,3.3,22862,1
307,9003,892697,98354,11.01762412,112199,12.56854229,116495,13.04978061,117045,13.11139166,109541,12.27079289,127517,14.28446606,105187,11.78305741,64171,7.188441319,42188,4.725903638,671681,75.24176736,139802,15.66063289,5043,0.564917324,52233,5.851145461,1100,0.123222101,22838,2.558314859,892697,-234,26012,10.3,9.3,1.0,6.1,-7.4,-1.3,65170,167539,154744,234993,10.5,26.9,24.9,37.8,96957,11.2,15.5,14.8,73037,70717,75357,480319,459939,20380,4.2,73037,95.6,352.1,302.9,105.7,93.7,8.6,7.1,807.0757572,404.7872219,7.995796975,971.7392011,195.6471572,2152.618467,216,897417,201242,22.4,9,3,705393,37.4,35.7,39.0,263554,28.8,27.7,29.8,203153,6.1,5.5,6.7,5.9,5.0,6.9,41736,10.3,9.6,11.0,72956,2.9,2.7,3.1,20145,1
1778,34013,799767,105567,13.19971942,102677,12.83836417,107348,13.42240928,110844,13.85953659,111706,13.96731798,107610,13.45516882,80622,10.080686,45132,5.643143566,28261,3.533654177,392000,49.01427541,335030,41.89095074,5956,0.744716899,46356,5.79618814,1066,0.13328882,19359,2.420579994,799767,3859,23476,12.8,8.2,4.6,7.1,-6.9,0.2,75835,149777,121387,185092,14.3,28.1,22.8,34.8,116246,14.9,21.0,20.0,62875,59935,65815,364346,345495,18851,5.2,62875,76.9,306.5,271.0,97.7,87.5,7.6,6.7,495.2915343,167.162015,7.361592498,634.7129142,243.1121035,1406.60282,267,800401,146732,18.3,34,13,610790,40.6,39.0,42.0,247681,30.2,29.1,31.3,184459,6.5,6.1,7.0,6.3,5.6,7.1,38345,13.0,12.2,13.8,79216,3.2,3.1,3.4,19711,1
2942,51760,228783,24724,10.806747,23470,10.25862936,47188,20.62565837,38562,16.85527334,23448,10.24901326,27371,11.96373856,24980,10.91864343,11812,5.162971025,7228,3.159325649,107247,46.87717182,109314,47.78064804,1229,0.537190263,5396,2.358566852,363,0.158665635,5234,2.287757395,228783,1815,12514,13.1,9.6,3.5,3.1,1.4,4.5,23142,34510,37325,59442,15.0,22.3,24.2,38.5,48424,22.3,34.5,34.6,48747,46825,50669,117259,113125,4134,3.5,48747,67.1,263.2,231.8,90.3,81.7,7.3,6.3,120.2780185,56.45922173,2.578537243,114.100273,100.160056,315.6559342,159,220892,39776,18.0,51,760,188719,40.4,38.7,42.2,76314,33.0,31.6,34.4,62277,6.4,5.9,6.9,7.1,6.2,8.1,13405,12.1,11.3,12.9,22833,3.2,3.0,3.4,6074,1
2292,42101,1584138,202485,12.78203035,186253,11.75737215,273330,17.25417861,251514,15.87702587,177859,11.22749407,186679,11.78426374,160784,10.1496208,89552,5.653042854,55682,3.514971549,709048,44.75923183,692593,43.72049657,13881,0.876249418,122911,7.758856867,2495,0.157498905,43210,2.727666403,1584138,3917,56535,13.3,9.9,3.4,6.3,-7.2,-0.9,170894,351167,237716,303976,16.1,33.0,22.3,28.6,372322,24.3,34.0,35.0,46149,44939,47359,709586,670264,39322,5.5,46149,75.8,320.5,273.3,100.8,88.2,8.7,7.2,866.2189772,701.2131061,24.61481886,1283.433972,891.0811812,3310.878675,528,1569657,287348,18.3,42,101,1240168,42.6,41.2,44.0,528786,32.0,31.0,33.0,396854,6.4,6.0,6.9,7.3,6.5,8.1,90589,13.2,12.5,14.0,164204,3.4,3.2,3.6,41864,1
1849,36047,2582830,351819,13.62145399,286911,11.1083966,402741,15.59301232,427166,16.53868044,319032,12.35203246,297377,11.51361104,255162,9.879163553,148202,5.737969591,94420,3.65568001,1278770,49.51042074,881296,34.12133203,23841,0.923057267,327010,12.66091845,2961,0.114641692,68952,2.669629825,2582830,-13555,35539,15.2,7.2,8.0,4.8,-18.0,-13.2,326469,455299,347052,648461,18.4,25.6,19.5,36.5,483632,18.9,26.0,25.9,60862,60018,61706,1211721,1160501,51220,4.2,60862,90.0,375.1,304.1,112.9,94.8,10.2,7.4,1666.754722,1175.358793,21.93967836,2738.494794,856.4404567,6464.01078,318,2635121,476741,18.1,36,47,1993855,34.3,33.1,35.6,684756,25.4,24.7,26.2,506439,6.3,5.9,6.7,6.6,5.9,7.4,131785,11.6,11.0,12.2,230414,3.2,3.0,3.4,63655,1
1528,29095,700307,92110,13.15280298,88182,12.59190612,99845,14.25731858,99685,14.23447145,82350,11.7591285,90455,12.91647806,77909,11.12497805,43858,6.262681938,25913,3.700234326,491222,70.14380836,166975,23.84311452,4215,0.60187889,13608,1.943147791,2120,0.302724377,22167,3.165326064,700307,2587,11067,13.2,9.6,3.6,1.1,-1.0,0.1,45492,133015,145567,144748,9.7,28.4,31.0,30.9,89787,13.0,19.0,17.7,55864,54440,57288,363146,349588,13558,3.7,55864,102.7,273.1,236.3,86.6,79.0,7.0,6.3,390.5929597,76.01531115,13.9456661,435.6306027,312.7487087,1241.964445,274,688554,136794,19.9,29,95,535328,44.0,42.2,45.6,235337,34.9,33.7,36.0,186829,6.7,6.2,7.4,7.8,6.7,8.9,41587,11.7,10.9,12.5,62470,3.0,2.8,3.2,16187,1
1979,37183,1092305,139666,12.78635546,152343,13.94692874,149519,13.68839289,162887,14.9122269,162787,14.90307194,142000,13.00003204,100756,9.224163581,55468,5.078068854,26879,2.460759586,743432,68.06084381,229229,20.98580525,8670,0.793734351,82383,7.542124224,921,0.084317109,27670,2.533175258,1092305,20419,21803,11.8,5.6,6.2,4.2,8.4,12.6,50481,107053,177117,360231,7.3,15.4,25.5,51.8,89819,8.4,10.4,9.7,80169,78072,82266,584548,564962,19586,3.4,80169,148.7,255.0,223.5,86.2,78.1,7.1,6.2,496.2048577,446.2372284,11.78184101,531.7607708,423.3047165,1575.716041,175,1023811,157546,15.4,37,183,830774,36.3,34.6,37.9,301261,27.5,26.4,28.7,228463,5.2,4.8,5.7,5.3,4.5,6.1,43640,9.1,8.5,9.8,75717,2.4,2.3,2.6,20205,1
2504,47157,935764,131010,14.00032487,125123,13.37121325,137668,14.71182905,126175,13.48363476,114570,12.24347164,117568,12.56385157,102137,10.91482468,53408,5.707421957,28105,3.003428215,384900,41.1321658,507131,54.19432677,3148,0.336409608,25337,2.707627137,698,0.074591457,14550,1.554879222,935764,-209,18241,13.7,8.9,4.7,1.4,-6.3,-5.0,72057,167979,180080,189720,11.8,27.5,29.5,31.1,198554,21.7,33.2,29.5,47924,45793,50055,442379,424005,18374,4.2,47924,91.5,253.1,225.8,85.1,77.8,8.1,7.4,794.4997824,164.7605673,15.89552453,495.8021433,343.6197737,1396.456385,277,937847,169553,18.1,47,157,703043,44.5,42.9,46.2,313134,33.9,32.7,35.2,238332,7.2,6.7,7.8,8.5,7.5,9.6,60056,14.6,13.6,15.5,102346,3.4,3.2,3.6,23966,1
101,4013,4410824,568892,12.89763545,600600,13.6165034,627348,14.22292071,606358,13.7470459,560407,12.70526777,536603,12.16559536,452097,10.24971751,301106,6.82652493,157413,3.568788961,3663379,83.05430006,275869,6.254364264,123814,2.807049204,202798,4.597735026,12814,0.290512612,132150,2.996038835,4410824,81244,65225,12.3,7.3,5.0,2.3,11.3,13.6,354513,634810,923098,899070,12.6,22.6,32.8,32.0,535183,12.3,18.2,17.0,65234,64449,66019,2229526,2137219,92307,4.1,65234,110.4,242.0,224.0,78.1,73.2,6.9,6.1,2092.969183,1193.170795,51.04802886,2044.996337,1653.833128,5700.773247,1004,4155501,808534,19.5,4,13,3358036,39.3,37.8,40.8,1319260,29.8,28.9,30.8,1000695,6.4,5.8,7.0,6.6,5.7,7.6,222293,9.6,8.9,10.2,321467,3.1,2.9,3.3,105112,1
1046,21111,770517,95198,12.35508107,93602,12.14794742,108453,14.0753546,104836,13.60592953,92743,12.03646383,100813,13.08381256,92579,12.01517942,51964,6.744043285,30329,3.9361883,554760,71.99841146,171110,22.2071674,1530,0.198567975,23593,3.06197008,423,0.054898205,19101,2.478984889,770517,140,16630,12.5,9.9,2.7,2.8,-5.2,-2.4,52841,141834,160800,172885,10.0,26.8,30.4,32.7,115810,15.4,22.4,21.9,55860,54375,57345,400587,384318,16269,4.1,55860,111.3,230.9,214.6,77.3,72.9,8.3,7.6,505.9296093,170.0226976,18.10586536,340.5627056,327.6299447,1113.252065,366,764378,161771,21.2,21,111,599726,46.8,45.3,48.7,280959,32.4,31.3,33.6,194311,8.1,7.4,8.8,9.4,8.2,10.8,56533,12.9,12.0,13.8,77384,3.2,3.0,3.4,19143,1
184,6001,1666753,192141,11.52786286,188940,11.3358128,236999,14.21920345,275770,16.54534295,232199,13.93121836,214392,12.8628537,173977,10.43807931,96108,5.766181312,56227,3.373445256,828966,49.73538371,185930,11.15522216,17973,1.078324143,529210,31.7509553,15870,0.952150679,88804,5.327964011,1666753,8622,36417,11.5,6.7,4.8,6.4,-6.0,0.4,139234,203838,281631,531701,12.0,17.6,24.4,46.0,147394,9.0,9.8,9.4,101744,100351,103137,848215,822769,25446,3.0,101744,135.2,279.6,243.8,96.2,87.1,7.2,6.2,649.4754788,333.5861792,15.12661846,942.2745642,640.3742265,2476.341207,282,1629615,300276,18.4,6,1,1324243,31.3,30.1,32.5,414168,23.4,22.6,24.2,309873,4.7,4.4,5.0,4.4,3.9,5.0,58323,9.4,8.9,10.0,124443,2.5,2.4,2.6,33226,1
2913,51510,160530,19339,12.04696941,12090,7.53130256,23272,14.49697876,35678,22.22512926,23988,14.94300131,19579,12.19647418,14603,9.096742042,7880,4.908739799,4101,2.55466268,106284,66.20818539,36912,22.99383293,1019,0.634772317,10805,6.730829129,231,0.143898337,5279,3.288481904,160530,876,1834,17.4,5.3,12.1,14.6,-21.2,-6.6,8872,14216,21840,73626,7.5,12.0,18.4,62.1,16093,10.1,16.1,17.3,99425,94201,104649,100409,98154,2255,2.2,99425,136.9,263.2,231.8,90.3,81.7,7.3,6.3,84.39538912,39.61570074,1.809280338,80.06065498,70.27923315,221.4860681,40,154710,23816,15.4,51,510,131096,33.4,31.8,35.0,43770,27.1,26.0,28.2,35527,4.5,4.2,4.9,4.5,3.8,5.3,5958,8.3,7.7,8.8,10829,2.3,2.2,2.4,3032,1
1856,36061,1628701,141841,8.7088422,125970,7.734384642,300123,18.42713917,304006,18.66555003,205396,12.61103174,192603,11.82555914,169722,10.42069723,116007,7.122670152,73033,4.484125693,1050536,64.50146466,292091,17.93398543,19200,1.178853577,208760,12.81757671,2921,0.17934538,55193,3.388774244,1628701,-1079,68019,10.4,7.5,2.8,6.0,-9.5,-3.5,162237,155048,171461,758325,13.0,12.4,13.7,60.8,245347,15.6,19.7,19.0,84610,81457,87763,919101,885351,33750,3.7,84610,125.1,375.1,304.1,112.9,94.8,10.2,7.4,1051.035137,741.1668759,13.83489277,1726.861314,540.0608744,4076.126118,761,1653877,344283,20.8,36,61,1395341,29.1,27.9,30.4,406301,19.7,19.0,20.5,274882,5.4,5.0,5.9,5.3,4.5,6.1,74059,8.7,8.2,9.2,121260,2.7,2.6,2.9,37665,1
1828,36005,1432132,203403,14.20281091,189477,13.23041451,227609,15.89301824,202209,14.11943871,173172,12.09190214,178729,12.47992503,131492,9.18155589,77591,5.41786651,48450,3.383068041,642607,44.87065438,624800,43.62726341,41726,2.913558247,64447,4.500074016,5940,0.414766237,52612,3.673683711,1432132,-7593,44498,14.2,7.8,6.3,8.9,-20.5,-11.7,258956,255427,226620,183134,28.0,27.6,24.5,19.8,380470,27.3,37.6,36.5,38566,36826,40306,605864,571545,34319,5.7,38566,57.0,375.1,304.1,112.9,94.8,10.2,7.4,924.1850116,651.7149559,12.16515042,1518.445281,474.8805706,3584.175763,270,1455846,243010,16.7,36,5,1077440,43.7,42.2,45.0,470890,31.5,30.5,32.3,339394,7.3,6.8,7.7,7.5,6.7,8.2,80509,16.2,15.4,16.9,174126,4.0,3.8,4.3,43628,1
2444,47037,692587,85718,12.37649566,76313,11.01854352,124180,17.9298774,118924,17.17098357,83837,12.10490523,80844,11.67275736,68113,9.834576739,35280,5.093944876,19378,2.797915641,452205,65.29215824,191637,27.6697368,3374,0.487159014,27244,3.933657432,777,0.112188072,17350,2.505100442,692587,3581,26433,14.2,8.0,6.2,5.0,-6.0,-1.0,53735,106640,120319,189249,11.4,22.7,25.6,40.3,102623,15.4,25.4,26.1,60799,59182,62416,396574,386136,10438,2.6,60799,116.1,253.1,225.8,85.1,77.8,8.1,7.4,588.0331161,121.944237,11.76475441,366.9580354,254.3232997,1033.55925,614,678322,113356,16.7,47,37,548560,37.5,35.8,39.2,205657,31.5,30.2,32.7,172796,6.1,5.5,6.6,7.1,6.1,8.3,38870,10.6,9.9,11.4,58228,2.8,2.6,2.9,15193,1
1214,24510,602495,72371,12.01188392,67298,11.16988523,101454,16.83897792,97484,16.18005129,66192,10.98631524,76789,12.74516801,66200,10.98764305,34684,5.756728272,20023,3.323347082,191310,31.75296061,378476,62.81811467,2723,0.451953958,16663,2.765666105,479,0.079502734,12844,2.131801924,602495,-7346,26054,13.1,11.4,1.7,3.3,-17.1,-13.8,64129,126763,101071,132615,15.1,29.9,23.8,31.2,109306,18.9,26.1,27.3,50501,49218,51784,289758,273304,16454,5.7,50501,60.8,386.0,306.1,116.2,97.6,9.6,7.5,333.3170247,229.4234143,4.985298007,567.1275012,170.9957216,1369.162245,508,619796,115716,18.7,24,510,479318,44.4,42.7,46.0,212754,34.8,33.5,36.0,166803,6.3,5.8,6.8,7.4,6.5,8.4,35576,14.1,13.1,15.0,67471,3.6,3.3,3.8,17034,1
2747,48453,1248743,153812,12.31734632,149506,11.97251957,208637,16.70776132,231531,18.54112496,178598,14.30222231,142110,11.38024397,108868,8.718207029,50844,4.071614415,24837,1.988960098,997495,79.87992725,110581,8.855384975,15251,1.221308147,90912,7.280281051,1516,0.121402082,32988,2.64169649,1248743,20972,22843,12.7,4.9,7.8,5.1,4.0,9.1,89298,137546,194600,398329,10.9,16.8,23.7,48.6,146724,12.0,15.2,14.2,76255,74141,78369,721786,701382,20404,2.8,76255,125.8,224.8,199.9,72.9,66.5,6.2,5.4,430.7233803,254.2138092,22.75437656,472.490496,418.1932456,1474.814257,294,1176584,160972,13.7,48,453,978017,34.5,32.9,36.1,337286,27.9,26.9,28.9,272867,5.1,4.7,5.6,4.6,3.9,5.4,45111,8.6,8.0,9.2,84176,2.4,2.3,2.5,23438,1
258,8031,716492,82069,11.45428002,72167,10.07226878,128204,17.8932912,146428,20.43679483,95357,13.30887156,73894,10.31330427,63871,8.914405185,34850,4.86397615,19652,2.742808015,578904,80.79699424,70404,9.826208806,12900,1.800438805,29369,4.098999012,1410,0.196792148,23505,3.280566985,716492,11053,16311,13.5,6.9,6.6,2.6,6.3,8.8,64043,84265,110388,237877,12.9,17.0,22.2,47.9,82104,11.7,16.7,16.7,68069,65476,70662,412817,399671,13146,3.2,68069,94.6,285.7,262.5,95.4,88.9,7.8,7.1,364.1859419,282.6686741,11.1960445,314.8730268,342.5486424,916.9434648,227,678467,109403,16.1,8,31,576566,29.2,27.6,30.6,168134,22.6,21.6,23.6,130304,4.6,4.2,5.0,4.6,3.9,5.3,26425,7.0,6.6,7.5,40637,2.4,2.3,2.6,13941,1
1146,22071,391006,44507,11.38268978,43078,11.01722224,58222,14.89030859,65733,16.81125098,46015,11.76836161,49797,12.7356102,47207,12.07321627,23732,6.06947208,12715,3.251868258,136244,34.84447809,235298,60.17759318,1322,0.338102229,11472,2.933970323,216,0.055242119,6454,1.650614057,391006,-532,13453,11.7,9.3,2.4,1.2,-4.9,-3.7,38030,63015,72498,101120,13.8,22.9,26.4,36.8,90329,23.8,33.6,34.0,38855,36901,40809,178845,169891,8954,5.0,38855,80.9,260.3,231.8,84.1,75.8,9.1,7.8,198.3567699,64.35687078,13.25734757,210.3555085,150.3618154,628.7171223,111,388182,74618,19.2,22,71,312920,43.6,41.8,45.4,136280,33.8,32.4,35.1,105767,7.3,6.7,7.9,8.0,7.0,9.2,25113,14.4,13.3,15.4,44926,3.7,3.4,3.9,11481,1
444,13121,1050114,124438,11.84995153,136568,13.00506421,169167,16.10939384,162683,15.49193707,147080,14.00609839,133488,12.71176272,97019,9.238901681,52679,5.01650297,26992,2.570387596,478685,45.58409849,467706,44.53859295,2950,0.280921881,78463,7.471855437,366,0.034853359,21944,2.089677883,1050114,11230,34253,12.1,7.1,5.1,3.6,2.1,5.7,54469,125382,153965,352847,7.9,18.3,22.4,51.4,137929,13.5,19.3,18.6,70808,69679,71937,555127,532817,22310,4.0,70808,120.8,228.7,202.9,79.1,71.9,7.0,6.1,480.6607659,332.120118,14.47472711,496.9323557,340.5054771,1276.571106,538,1010420,159840,15.8,13,121,820707,33.1,31.7,34.6,271695,26.5,25.5,27.5,217487,5.1,4.7,5.5,5.3,4.6,6.1,43493,10.1,9.5,10.8,83072,2.7,2.6,2.9,22450,1
2621,48201,4698619,702806,14.95771417,669768,14.2545714,698435,14.86468684,728164,15.49740466,623867,13.27766733,545313,11.60581439,416602,8.866477576,210888,4.488297519,102776,2.187366118,3268948,69.57252759,933703,19.87186022,49922,1.062482402,348874,7.42503276,5865,0.124823911,91307,1.943273119,4698619,34460,48643,15.0,6.0,9.0,7.7,-9.3,-1.6,557077,678269,782296,905727,19.1,23.2,26.8,31.0,767367,16.5,24.8,23.9,60241,59424,61058,2304397,2203924,100473,4.4,60241,99.4,224.8,199.9,72.9,66.5,6.2,5.4,1620.673796,956.5249487,85.61741369,1777.830043,1573.526922,5549.252561,918,4525519,651673,14.4,48,201,3446935,45.6,44.2,47.0,1572384,36.3,35.2,37.3,1251237,6.2,5.8,6.7,6.0,5.3,6.7,205605,13.4,12.7,14.1,460821,3.0,2.8,3.1,102160,1
1853,36055,742474,83157,11.19998815,93903,12.64731156,105296,14.18177606,95889,12.91479567,84144,11.3329221,102761,13.84034997,90071,12.13119921,54029,7.27688781,33224,4.474769487,570700,76.86464442,120581,16.24043401,3079,0.414694656,27572,3.713530709,530,0.071382971,20012,2.695313237,742474,38,25919,10.5,9.0,1.5,3.3,-4.7,-1.4,49470,122362,146393,192281,9.7,24.0,28.7,37.7,103620,14.4,18.9,18.3,60240,58654,61826,362858,347399,15459,4.3,60240,89.0,375.1,304.1,112.9,94.8,10.2,7.4,479.1341457,337.8748678,6.306896216,787.2222265,246.1969125,1858.178796,191,748680,166403,22.2,36,55,588260,41.4,39.6,43.2,243784,31.7,30.5,32.8,186478,6.9,6.3,7.6,7.4,6.2,8.6,43395,10.4,9.6,11.2,61088,3.0,2.8,3.2,17686,1
743,18097,954670,135110,14.15253438,122526,12.83438256,152419,15.96562163,141287,14.79956425,112540,11.78836666,116002,12.15100506,96769,10.13638221,49122,5.145442928,28895,3.026700326,610840,63.98441346,275890,28.89899127,4327,0.453245624,34801,3.645343417,697,0.073009522,28115,2.9449967,954670,5718,16470,14.7,8.6,6.1,3.1,-3.1,-0.1,88886,173635,169794,188718,14.3,28.0,27.3,30.4,160661,17.2,24.5,22.8,48409,46485,50333,490706,473574,17132,3.5,48409,86.9,230.8,212.0,80.3,74.4,6.5,6.1,492.6084292,120.5485441,18.83125185,375.3410881,474.0624993,1242.006656,526,939964,160942,17.1,18,97,719459,43.2,41.7,44.9,311012,33.1,32.0,34.1,238141,6.6,6.0,7.1,8.6,7.5,9.8,62062,12.2,11.5,13.0,88052,3.1,3.0,3.3,22519,1
2792,49035,1152633,172916,15.00182625,169254,14.68411888,180344,15.64626382,181479,15.74473401,147705,12.81457324,120319,10.43862183,99969,8.673098896,53264,4.621071928,27383,2.375691135,1005344,87.22151804,24792,2.150901458,15764,1.367651282,53384,4.631482874,20154,1.748518392,33195,2.879927956,1152633,14813,14845,15.1,5.8,9.3,5.1,-1.5,3.7,67200,159716,232915,242173,9.6,22.8,33.2,34.5,102660,9.0,10.4,9.7,73619,71800,75438,620909,602123,18786,3.0,73619,103.1,216.2,199.9,65.3,62.2,5.8,5.4,440.1081366,290.9745592,19.69000777,354.05551,383.5905217,1347.671643,282,1106700,164497,14.9,49,35,839744,34.6,32.9,36.3,290564,29.1,28.0,30.2,244366,4.5,4.1,5.0,4.5,3.8,5.3,38040,8.6,7.9,9.2,72049,2.4,2.2,2.6,20124,1
345,12057,1436888,179306,12.47877357,181459,12.62861128,204538,14.23479074,209261,14.5634872,190855,13.28252446,185433,12.9051812,148544,10.3378969,90278,6.282883565,47214,3.285851089,1067329,74.28059807,256401,17.84418827,7543,0.524953928,63646,4.429433609,1879,0.130768717,40090,2.790057402,1436888,26773,22977,12.1,8.0,4.1,8.4,6.2,14.7,108569,254006,267602,305581,11.6,27.1,28.6,32.7,207358,14.7,20.1,18.4,58361,56728,59994,735690,710804,24886,3.4,58361,105.3,265.2,240.7,86.8,80.1,6.9,6.0,833.8262213,411.0439455,14.63918204,782.2180449,558.5826142,1963.336935,432,1351087,257269,19.0,12,57,1112902,42.8,41.3,44.2,476128,32.5,31.4,33.5,361693,6.8,6.3,7.3,7.5,6.6,8.5,83735,12.3,11.6,13.1,137266,3.1,2.9,3.2,34032,1
2312,44007,636084,71268,11.20418058,79948,12.56878022,98607,15.50219782,87680,13.78434295,76091,11.96241377,85621,13.46064356,70258,11.04539652,39590,6.224020727,27021,4.248023846,497930,78.28054156,78358,12.31881324,8730,1.372460241,28663,4.506165852,1789,0.281252162,20614,3.240766943,636084,1326,26386,11.2,9.0,2.3,4.2,-4.4,-0.2,65533,133252,111671,121422,15.2,30.9,25.9,28.1,98431,16.1,22.7,21.6,56141,54396,57886,325587,311259,14328,4.4,56141,88.0,370.0,325.3,117.5,106.6,10.1,8.6,392.8468356,183.4889508,6.617634291,786.8968775,170.2536822,1552.737646,237,633704,128527,20.3,44,7,505408,39.8,38.2,41.4,201335,29.2,28.1,30.3,147579,6.7,6.1,7.3,7.4,6.4,8.5,37449,11.5,10.7,12.2,57899,2.9,2.8,3.1,14858,1
